title,rate,url
追风筝的人,8.8,https://book.douban.com/subject/1770782/
百年孤独,9.2,https://book.douban.com/subject/6082808/
看见,8.8,https://book.douban.com/subject/20427187/
活着,9.1,https://book.douban.com/subject/1082154/
百年孤独,9.2,https://book.douban.com/subject/6082808/
我们仨,8.6,https://book.douban.com/subject/1023045/
小王子,9.0,https://book.douban.com/subject/1084336/
我的职业是小说家,8.4,https://book.douban.com/subject/26889236/
午夜起来听寂静,8.8,https://book.douban.com/subject/26985302/
沉默的大多数,9.0,https://book.douban.com/subject/1054685/
七夜物语,8.5,https://book.douban.com/subject/26940526/
红楼梦,9.5,https://book.douban.com/subject/1007305/
活着,9.1,https://book.douban.com/subject/1082154/
红玫瑰与白玫瑰,8.4,https://book.douban.com/subject/1014278/
北鸢,8.4,https://book.douban.com/subject/26821461/
飘,9.3,https://book.douban.com/subject/1068920/
围城,8.9,https://book.douban.com/subject/1008145/
红楼梦,9.5,https://book.douban.com/subject/1007305/
人类的群星闪耀时,8.7,https://book.douban.com/subject/1083762/
不能承受的生命之轻,8.5,https://book.douban.com/subject/1017143/
情人,8.1,https://book.douban.com/subject/1400705/
呐喊,8.8,https://book.douban.com/subject/1449351/
周夢蝶詩文集,9.5,https://book.douban.com/subject/4189984/
红楼梦,9.5,https://book.douban.com/subject/1007305/
你今天真好看,8.7,https://book.douban.com/subject/26602392/
画的秘密,8.8,https://book.douban.com/subject/26662689/
挪威的森林,8.0,https://book.douban.com/subject/1046265/
白夜行,9.1,https://book.douban.com/subject/3259440/
有匪1,9.0,https://book.douban.com/subject/26886310/
你一生的故事,8.6,https://book.douban.com/subject/26295448/
解忧杂货店,8.6,https://book.douban.com/subject/25862578/
白夜行,9.1,https://book.douban.com/subject/3259440/
白鹿原,8.6,https://book.douban.com/subject/1085799/
切尔诺贝利之花,9.0,https://book.douban.com/subject/25853069/
双城记,8.2,https://book.douban.com/subject/1007772/
何为良好生活,8.6,https://book.douban.com/subject/26363926/
关于来洛尼亚王国的十三个童话故事,8.4,https://book.douban.com/subject/1982096/
尘土,8.1,https://book.douban.com/subject/26894367/
一个陌生女人的来信,8.6,https://book.douban.com/subject/2154960/
唐诗三百首,9.3,https://book.douban.com/subject/1013267/
唐诗三百首,9.3,https://book.douban.com/subject/1013267/
超·杀人事件,8.2,https://book.douban.com/subject/5939312/
喜剧作家,7.9,https://book.douban.com/subject/26854325/
氯的滋味,8.4,https://book.douban.com/subject/26695177/
遇到百分之百的女孩,8.1,https://book.douban.com/subject/1079440/
名利场,8.2,https://book.douban.com/subject/2174410/
云雀叫了一整天,8.3,https://book.douban.com/subject/3297888/
你就适可而止吧,8.0,https://book.douban.com/subject/26877850/
当且仅当雪是白的,9.0,https://book.douban.com/subject/26998098/
原来你还在这里,7.7,https://book.douban.com/subject/2331434/
我愛過的那個時代,8.8,https://book.douban.com/subject/6864274/
公牛山,8.7,https://book.douban.com/subject/26878906/
百年孤独,9.2,https://book.douban.com/subject/6082808/
且介亭杂文,8.7,https://book.douban.com/subject/1790950/
深渊上的火,8.8,https://book.douban.com/subject/1146267/
解忧杂货店,8.6,https://book.douban.com/subject/25862578/
断头王后,8.2,https://book.douban.com/subject/23858312/
世事如烟,7.9,https://book.douban.com/subject/1069227/
柳林风声,8.8,https://book.douban.com/subject/10794550/
一代才子钱钟书,7.7,https://book.douban.com/subject/1318987/
外面的世界,7.9,https://book.douban.com/subject/2053331/
绿毛水怪,8.8,https://book.douban.com/subject/10443515/
Laughable Loves,8.5,https://book.douban.com/subject/1340784/
1988：我想和这个世界谈谈,7.9,https://book.douban.com/subject/5275059/
散步去,9.0,https://book.douban.com/subject/26939973/
義父～梅花日記～,7.6,https://book.douban.com/subject/5243689/
撒哈拉的故事,9.0,https://book.douban.com/subject/1361264/
我的前半生,8.1,https://book.douban.com/subject/2230208/
白夜行,9.1,https://book.douban.com/subject/3259440/
有匪1,9.0,https://book.douban.com/subject/26886310/
梦里花落知多少,7.2,https://book.douban.com/subject/1016300/
临高启明,9.2,https://book.douban.com/subject/26957420/
天龙八部,9.1,https://book.douban.com/subject/1255625/
东方快车谋杀案,9.0,https://book.douban.com/subject/1827374/
有匪1,9.0,https://book.douban.com/subject/26886310/
春宵苦短，少女前進吧！,8.6,https://book.douban.com/subject/3920144/
冰与火之歌（卷一）,9.3,https://book.douban.com/subject/1336330/
你一生的故事,8.6,https://book.douban.com/subject/26295448/
每天早上和你一起醒来,8.3,https://book.douban.com/subject/26974850/
三十年细说从头 (上下),9.1,https://book.douban.com/subject/26901257/
猫城记,8.5,https://book.douban.com/subject/3345595/
哈利·波特与魔法石,9.0,https://book.douban.com/subject/1041007/
一個人住第5年,8.4,https://book.douban.com/subject/1346815/
七夜雪,8.5,https://book.douban.com/subject/1919201/
水仙已乘鲤鱼去,7.8,https://book.douban.com/subject/1018153/
人类简史,9.2,https://book.douban.com/subject/25985021/
微笑的咖啡杯,8.1,https://book.douban.com/subject/4072044/
最好的我们,8.7,https://book.douban.com/subject/24754316/
那些生命中温暖而美好的事情,8.3,https://book.douban.com/subject/1440089/
社会心理学,9.0,https://book.douban.com/subject/1476651/
活着为了讲述,9.0,https://book.douban.com/subject/26657570/
草原动物园,9.0,https://book.douban.com/subject/26956479/
人类简史,9.2,https://book.douban.com/subject/25985021/
忏悔录,8.0,https://book.douban.com/subject/1048173/
如果没有今天，明天会不会有昨天？,9.0,https://book.douban.com/subject/26949210/
造房子,8.6,https://book.douban.com/subject/26848051/
黑暗的左手,8.3,https://book.douban.com/subject/3816883/
亲爱的安德烈,8.7,https://book.douban.com/subject/3369793/
素年锦时,7.8,https://book.douban.com/subject/2256438/
夢の化石,8.7,https://book.douban.com/subject/5907491/
魔道祖师,8.5,https://book.douban.com/subject/26763013/
草,7.7,https://book.douban.com/subject/3770726/
乱世为王（上卷）,8.8,https://book.douban.com/subject/25904568/
不羁的风,7.4,https://book.douban.com/subject/1322328/
三毛私家相册,8.4,https://book.douban.com/subject/1313317/
新宋,8.1,https://book.douban.com/subject/4838107/
零时,7.8,https://book.douban.com/subject/3348423/
宇宙尽头的餐馆,8.7,https://book.douban.com/subject/10488563/
幻城,7.1,https://book.douban.com/subject/1059406/
倪匡看金庸,8.4,https://book.douban.com/subject/25746620/
無頭騎士異聞錄 DuRaRaRa!! 01,9.1,https://book.douban.com/subject/3242948/
天工开物·栩栩如真,8.3,https://book.douban.com/subject/4154985/
人人心里住了一个不可能的人,8.8,https://book.douban.com/subject/26899230/
遥远的救世主,8.8,https://book.douban.com/subject/1322455/
全球通史（第7版 上册）,8.9,https://book.douban.com/subject/1225977/
这些都是你给我的爱2,8.5,https://book.douban.com/subject/11527101/
七夜雪,8.5,https://book.douban.com/subject/6802392/
高木直子-八本装-精藏版,9.2,https://book.douban.com/subject/3854873/
布谷鸟的呼唤,7.2,https://book.douban.com/subject/25840545/
是你来检阅我的忧伤了吗,7.1,https://book.douban.com/subject/1022492/
危险心灵,8.7,https://book.douban.com/subject/1475746/
孤独六讲,8.1,https://book.douban.com/subject/4124727/
伊莎贝拉,8.8,https://book.douban.com/subject/26782506/
狂人日记,8.6,https://book.douban.com/subject/1398395/
进化心理学,8.9,https://book.douban.com/subject/2143904/
利维坦,8.7,https://book.douban.com/subject/1468426/
机器人短篇全集（上下）,9.2,https://book.douban.com/subject/1391510/
Lens·目客003：山本耀司,8.4,https://book.douban.com/subject/26721550/
文艺风象·照相机是恋人,8.2,https://book.douban.com/subject/10437170/
浮生六记,8.2,https://book.douban.com/subject/26610864/
认识电影,8.9,https://book.douban.com/subject/2326403/
孩子，把你的手给我,8.8,https://book.douban.com/subject/1067049/
边城,8.6,https://book.douban.com/subject/1057244/
写在人生边上 人生边上的边上 石语,8.8,https://book.douban.com/subject/1073349/
童话的魅力,8.2,https://book.douban.com/subject/26315808/
1984,9.3,https://book.douban.com/subject/4820710/
造房子,8.6,https://book.douban.com/subject/26848051/
认识电影,8.9,https://book.douban.com/subject/2326403/
悉达多,9.0,https://book.douban.com/subject/3406401/
数学之美,8.7,https://book.douban.com/subject/10750155/
民主的细节,8.6,https://book.douban.com/subject/3813669/
聊斋志异,8.7,https://book.douban.com/subject/1098643/
聊斋志异,8.7,https://book.douban.com/subject/1098643/
沉默的大多数,9.0,https://book.douban.com/subject/1054685/
侦探伽利略,7.2,https://book.douban.com/subject/3053207/
贩卖音乐,9.2,https://book.douban.com/subject/26956018/
人间词话,9.0,https://book.douban.com/subject/1203426/
维特根斯坦传,9.1,https://book.douban.com/subject/6152040/
玩偶之家,8.2,https://book.douban.com/subject/1373788/
浪客行 (Vol. 01),9.3,https://book.douban.com/subject/2065597/
在约定的场所,8.2,https://book.douban.com/subject/10600121/
追随她的旅程,8.5,https://book.douban.com/subject/3406518/
素描的诀窍,8.6,https://book.douban.com/subject/1154707/
一个无政府主义者的意外死亡,8.6,https://book.douban.com/subject/1006991/
清明上河图密码3,8.5,https://book.douban.com/subject/26746839/
金刚经,9.5,https://book.douban.com/subject/2076623/
如果没有今天，明天会不会有昨天？,9.0,https://book.douban.com/subject/26949210/
世界的凛冬,9.3,https://book.douban.com/subject/26957760/
沉睡的谋杀案,7.6,https://book.douban.com/subject/2282515/
直至海枯石烂,7.6,https://book.douban.com/subject/2111291/
向左走·向右走,8.4,https://book.douban.com/subject/1066462/
向左走·向右走,8.4,https://book.douban.com/subject/1066462/
欢乐英雄,8.7,https://book.douban.com/subject/1264579/
未来简史,8.5,https://book.douban.com/subject/26943161/
我们仨,8.6,https://book.douban.com/subject/1023045/
纳尼亚王国传奇（全7册）,8.6,https://book.douban.com/subject/1000353/
午门囧事Ⅰ,7.7,https://book.douban.com/subject/3170442/
岁朝清供,9.1,https://book.douban.com/subject/4238144/
中国近代史,8.8,https://book.douban.com/subject/2376486/
香港簡史,9.1,https://book.douban.com/subject/24855510/
化物語 上,8.9,https://book.douban.com/subject/2977158/
不朽,7.6,https://book.douban.com/subject/2382705/
射鵰英雄傳,8.9,https://book.douban.com/subject/1337296/
About Face 3 交互设计精髓,8.6,https://book.douban.com/subject/3279105/
我和老爸,8.7,https://book.douban.com/subject/26740070/
鲤·不上班的理想生活,7.0,https://book.douban.com/subject/26220763/
刻在时光里的爱情,6.8,https://book.douban.com/subject/3726739/
吉诺的跳马,6.8,https://book.douban.com/subject/6813255/
疼痛青春,6.1,https://book.douban.com/subject/1290128/
沧海明月·流光卷,8.5,https://book.douban.com/subject/3336953/
人间词话,9.0,https://book.douban.com/subject/1203426/
离歌Ⅱ,7.3,https://book.douban.com/subject/3335260/
穷查理宝典,9.0,https://book.douban.com/subject/5346110/
京华烟云,8.5,https://book.douban.com/subject/1391191/
一個人做飯好好吃,7.7,https://book.douban.com/subject/26927795/
梦的解析,8.0,https://book.douban.com/subject/1201821/
中国哲学简史,8.8,https://book.douban.com/subject/1021273/
像天使一样堕落,8.3,https://book.douban.com/subject/1743003/
亚洲的书籍、文字与设计,8.5,https://book.douban.com/subject/1937346/
基地与帝国,9.2,https://book.douban.com/subject/1258491/
造房子,8.6,https://book.douban.com/subject/26848051/
下一站·神奈川,6.8,https://book.douban.com/subject/6017133/
夏、無限。,7.8,https://book.douban.com/subject/3866772/
文艺风象,7.9,https://book.douban.com/subject/26410899/
"文艺风象·你好,饮料控",7.7,https://book.douban.com/subject/25886511/
下一站·哥本哈根,6.7,https://book.douban.com/subject/26354175/
文艺风象·花的事,7.3,https://book.douban.com/subject/20324029/
草木芳华,7.7,https://book.douban.com/subject/2278790/
下一站·法国南部,7.1,https://book.douban.com/subject/25725062/
红玫瑰与白玫瑰,8.4,https://book.douban.com/subject/1014278/
吉祥纹莲花楼·朱雀,8.7,https://book.douban.com/subject/4252115/
朱天衣的作文课（全5册，随书赠含光盘）,8.5,https://book.douban.com/subject/26895483/
批评官员的尺度,8.9,https://book.douban.com/subject/6401128/
海上花开,8.5,https://book.douban.com/subject/4046893/
哥伦比亚的倒影,8.4,https://book.douban.com/subject/1460313/
我是说谎者,8.3,https://book.douban.com/subject/1048907/
现代建筑,8.7,https://book.douban.com/subject/1041650/
千面英雄,8.5,https://book.douban.com/subject/7174792/
民主四讲,8.0,https://book.douban.com/subject/3184336/
开放社会及其敌人（全二卷）,8.9,https://book.douban.com/subject/1015748/
东周列国志（上下）,8.5,https://book.douban.com/subject/1185908/
东周列国志（上下）,8.5,https://book.douban.com/subject/1185908/
濒死之眼,6.4,https://book.douban.com/subject/4286244/
艾伦·图灵传,8.3,https://book.douban.com/subject/10522003/
约翰·克利斯朵夫,8.7,https://book.douban.com/subject/1186392/
非人哉,8.9,https://book.douban.com/subject/26775078/
镜像人之末世如你,9.1,https://book.douban.com/subject/26895400/
村上朝日堂是如何锻造的,8.2,https://book.douban.com/subject/1434039/
隔江山色,9.0,https://book.douban.com/subject/3410759/
第七重解答,8.7,https://book.douban.com/subject/4140380/
老妇还乡,9.2,https://book.douban.com/subject/1047325/
无常店,6.8,https://book.douban.com/subject/26948168/
希姆莱兄弟,8.5,https://book.douban.com/subject/26804200/
觅宗记,8.1,https://book.douban.com/subject/26896703/
哲学研究,9.0,https://book.douban.com/subject/1315184/
我的鸵鸟先生,8.6,https://book.douban.com/subject/26590271/
天朝的崩溃,9.0,https://book.douban.com/subject/1675478/
城邦暴力团（上）,8.3,https://book.douban.com/subject/5367304/
通往奴役之路,8.9,https://book.douban.com/subject/1077528/
神祇、陵墓与学者,8.6,https://book.douban.com/subject/10491608/
俗,7.6,https://book.douban.com/subject/7051393/
寂静深处有人家,8.1,https://book.douban.com/subject/26923248/
二手时间,8.9,https://book.douban.com/subject/26704403/
1938,9.3,https://book.douban.com/subject/10447495/
我的错都是大人的错,8.7,https://book.douban.com/subject/3699108/
中国历代政治得失,9.1,https://book.douban.com/subject/1003479/
我在故宫修文物,8.4,https://book.douban.com/subject/26933798/
人类简史,9.2,https://book.douban.com/subject/25985021/
幻天逍遥录,7.0,https://book.douban.com/subject/1805047/
血薇,7.1,https://book.douban.com/subject/26278678/
雪滿天山,7.7,https://book.douban.com/subject/2204503/
夜船卷,6.7,https://book.douban.com/subject/25780846/
荒人手记,8.1,https://book.douban.com/subject/3662594/
沧海卷,6.5,https://book.douban.com/subject/25780847/
月.满江红No.2,7.8,https://book.douban.com/subject/2221865/
親孝行できるかな?,None,https://book.douban.com/subject/26352241/
月·解语花,7.7,https://book.douban.com/subject/2270110/
学日语文法不要想太多,None,https://book.douban.com/subject/5399441/
镜·双城1,7.6,https://book.douban.com/subject/25738634/
炫·冥海,6.0,https://book.douban.com/subject/1725662/
星坠卷,6.2,https://book.douban.com/subject/25780855/
彼岸花AND神之右手,8.5,https://book.douban.com/subject/5909861/
周夢蝶詩文集,9.5,https://book.douban.com/subject/4189984/
月·玉连环No.5,7.9,https://book.douban.com/subject/2327724/
护花铃,8.0,https://book.douban.com/subject/26278978/
花镜,None,https://book.douban.com/subject/24746247/
正义论,8.8,https://book.douban.com/subject/1028268/
指间砂,7.6,https://book.douban.com/subject/26261271/
七夜雪,7.2,https://book.douban.com/subject/26279482/
镜·双城2,None,https://book.douban.com/subject/25964134/
艺术的故事,9.6,https://book.douban.com/subject/3162991/
罗密欧与朱丽叶,8.3,https://book.douban.com/subject/1212488/
以你为名的光芒,7.1,https://book.douban.com/subject/23289203/
我坦言我曾历尽沧桑,8.4,https://book.douban.com/subject/26323408/
拆掉思维里的墙,7.9,https://book.douban.com/subject/4953695/
布瓜的世界,8.2,https://book.douban.com/subject/1367964/
京都古书店风景,8.6,https://book.douban.com/subject/25787364/
素年锦时之月棠记,8.1,https://book.douban.com/subject/2268080/
夏日遇见狄更斯,8.6,https://book.douban.com/subject/26834592/
About Face 3 交互设计精髓,8.6,https://book.douban.com/subject/3279105/
世界秩序,8.4,https://book.douban.com/subject/26435040/
Processing,8.9,https://book.douban.com/subject/2043236/
告白,8.6,https://book.douban.com/subject/3920130/
故事知道怎么办,8.4,https://book.douban.com/subject/6800784/
闲情偶寄,8.5,https://book.douban.com/subject/1007196/
我的哈利·波特,8.1,https://book.douban.com/subject/2062262/
光影创作课,8.6,https://book.douban.com/subject/26371256/
佛教征服中国,8.3,https://book.douban.com/subject/1434309/
经济学的思维方式（第11版）,8.7,https://book.douban.com/subject/3055719/
破土,8.5,https://book.douban.com/subject/2363716/
国家与社会革命,8.4,https://book.douban.com/subject/2048787/
迦陵说词讲稿,8.8,https://book.douban.com/subject/2039292/
雪地殺機,7.0,https://book.douban.com/subject/1864553/
我只能短暂地陪你一辈子,7.6,https://book.douban.com/subject/26359469/
那些回不去的年少时光·终场,8.7,https://book.douban.com/subject/4732378/
欧·亨利小说全集（全四卷）,9.0,https://book.douban.com/subject/1195054/
格伦·古尔德谈话录,9.0,https://book.douban.com/subject/24855915/
绝代双骄（全三册）,8.4,https://book.douban.com/subject/1089517/
白昼的死角,8.1,https://book.douban.com/subject/26742634/
这就是莫奈,8.0,https://book.douban.com/subject/26835452/
萨特戏剧集(上下),9.0,https://book.douban.com/subject/1023557/
不负如来不负卿1,8.0,https://book.douban.com/subject/3123939/
印度佛学源流略讲,9.0,https://book.douban.com/subject/1315188/
柏拉图对话集,8.9,https://book.douban.com/subject/1070410/
官僚体制·反资本主义的心态,8.9,https://book.douban.com/subject/2155341/
辛德勒名单,8.8,https://book.douban.com/subject/3633809/
我的姊姊张爱玲,7.2,https://book.douban.com/subject/1014595/
村上先生的愛樂電台,8.1,https://book.douban.com/subject/2372900/
日本藏晚清中日朝笔谈资料·大河内文书,None,https://book.douban.com/subject/27001252/
突厥人、粟特人与娜娜女神,7.7,https://book.douban.com/subject/26907356/
希区柯克悬念故事集,8.9,https://book.douban.com/subject/4116629/
张国荣的时光,9.0,https://book.douban.com/subject/2045811/
猎魔人1：白狼崛起,8.7,https://book.douban.com/subject/26267087/
东京散步,8.2,https://book.douban.com/subject/7063932/
夜色朦胧,8.7,https://book.douban.com/subject/1068151/
在唐诗里孤独漫步套装,9.2,https://book.douban.com/subject/26873181/
Fate/Zero Vol.2 [王者们的狂宴],9.3,https://book.douban.com/subject/3908795/
寻路中国,9.0,https://book.douban.com/subject/5414391/
雅舍谈吃,8.8,https://book.douban.com/subject/1227844/
战争论（全三卷）,8.7,https://book.douban.com/subject/1002958/
一生,8.1,https://book.douban.com/subject/1026547/
布瓜的世界,8.2,https://book.douban.com/subject/1367964/
权力的毛细管作用,8.7,https://book.douban.com/subject/26581737/
金庸地图,7.1,https://book.douban.com/subject/1052014/
带上她的眼睛,8.6,https://book.douban.com/subject/1195590/
色彩艺术,8.7,https://book.douban.com/subject/1001198/
剑桥中国史（全十册）,8.8,https://book.douban.com/subject/10740958/
与孩子的天性合作,9.0,https://book.douban.com/subject/1146989/
莱昂内往事,8.9,https://book.douban.com/subject/4213397/
素履之往,8.7,https://book.douban.com/subject/1949679/
佛祖都说了些什么?,8.7,https://book.douban.com/subject/25928708/
住宅读本,8.3,https://book.douban.com/subject/3215829/
西方政治思想史,8.8,https://book.douban.com/subject/1039258/
飞毡,8.5,https://book.douban.com/subject/26303995/
疑问集,8.3,https://book.douban.com/subject/25986497/
東野圭吾の謎 東野作品の研究・考察集成,None,https://book.douban.com/subject/4206286/
傅山的世界,9.0,https://book.douban.com/subject/1784790/
古谣谚,9.7,https://book.douban.com/subject/1248549/
向着光亮那方,7.4,https://book.douban.com/subject/26739865/
Harry Potter and the Prisoner of Azkaban,9.0,https://book.douban.com/subject/2333804/
失乐园 IV：魔法失灵了,8.5,https://book.douban.com/subject/2046279/
在美国,7.6,https://book.douban.com/subject/11528355/
向日葵不开的夏天,7.5,https://book.douban.com/subject/3683898/
神秘列车,8.1,https://book.douban.com/subject/4057097/
那时的某人,7.6,https://book.douban.com/subject/26911126/
UI进化论,6.1,https://book.douban.com/subject/4223580/
你是我学生又怎样,7.6,https://book.douban.com/subject/25929667/
让水彩画达到极致的调色技法,8.6,https://book.douban.com/subject/25768157/
时间与自由意志,8.3,https://book.douban.com/subject/1255584/
图解欧洲艺术史：16世纪,9.2,https://book.douban.com/subject/26919384/
观呼吸,8.8,https://book.douban.com/subject/3910883/
灭绝的年代,8.6,https://book.douban.com/subject/5922151/
代议制政府,8.6,https://book.douban.com/subject/1856985/
尸案调查科第二季1：罪恶根源,8.5,https://book.douban.com/subject/26971240/
毛泽东、斯大林与朝鲜战争,8.6,https://book.douban.com/subject/1009529/
护花铃,8.3,https://book.douban.com/subject/1256186/
中国古舆服论丛,9.5,https://book.douban.com/subject/1666568/
爵迹：雾雪零尘,6.9,https://book.douban.com/subject/26818782/
什么人需要什么人,8.6,https://book.douban.com/subject/26873214/
AFTER DARK,7.8,https://book.douban.com/subject/3132650/
春秋大义,8.8,https://book.douban.com/subject/2363834/
瞬间收藏家,8.4,https://book.douban.com/subject/1022582/
我执,8.0,https://book.douban.com/subject/3642673/
一个陌生女人的来信,8.7,https://book.douban.com/subject/26256868/
张爱玲全集 （全16册）,8.4,https://book.douban.com/subject/2053800/
瞬间之美,8.0,https://book.douban.com/subject/3886044/
格列佛游记,7.6,https://book.douban.com/subject/1010898/
怪屋女孩,6.7,https://book.douban.com/subject/10593454/
杀死一只知更鸟,9.2,https://book.douban.com/subject/6781808/
霍乱时期的爱情,8.9,https://book.douban.com/subject/10594787/
小王子,9.0,https://book.douban.com/subject/1084336/
爱的艺术,8.8,https://book.douban.com/subject/3026879/
七夜物语,8.5,https://book.douban.com/subject/26940526/
个人形成论,9.1,https://book.douban.com/subject/1218321/
少有人走的路,8.3,https://book.douban.com/subject/1775691/
原谅石,8.7,https://book.douban.com/subject/26945792/
有一种我爱你叫作某人,7.6,https://book.douban.com/subject/26729403/
联邦论,9.2,https://book.douban.com/subject/4246971/
美洲小宇宙,8.9,https://book.douban.com/subject/26948175/
如何在爱中修行,8.7,https://book.douban.com/subject/26846721/
再见，少年,8.0,https://book.douban.com/subject/26384746/
鲁迅,9.3,https://book.douban.com/subject/3260432/
Harry Potter Boxset Books 1-7,8.3,https://book.douban.com/subject/2189619/
Os Contos De Beedle O Bardo - The Tales of Beedle the Bard - J.k. Rowling,8.6,https://book.douban.com/subject/3446431/
哈利·波特的书架,7.5,https://book.douban.com/subject/6021105/
魔法师的同伴,7.2,https://book.douban.com/subject/1256254/
1661，决战热兰遮,8.3,https://book.douban.com/subject/25895918/
殡葬人的秘密,8.5,https://book.douban.com/subject/26789635/
大拙至美,8.3,https://book.douban.com/subject/2331702/
远离尘嚣,7.9,https://book.douban.com/subject/1101543/
树之生命木之心,8.9,https://book.douban.com/subject/26893634/
祸国,8.0,https://book.douban.com/subject/4766047/
存在主义是一种人道主义,8.2,https://book.douban.com/subject/1444025/
构图的艺术,8.6,https://book.douban.com/subject/6982049/
柏林日记,8.1,https://book.douban.com/subject/1963579/
自由人的平等政治,8.4,https://book.douban.com/subject/4912723/
现实一种,8.1,https://book.douban.com/subject/1071921/
唐代变文,8.8,https://book.douban.com/subject/6013061/
在春天走进果园,8.7,https://book.douban.com/subject/24855421/
毛泽东与莫斯科的恩恩怨怨,8.7,https://book.douban.com/subject/1280568/
真相,8.3,https://book.douban.com/subject/25996181/
银河映像·难以想像,8.7,https://book.douban.com/subject/1766119/
杀手界·疾风号,8.6,https://book.douban.com/subject/26314930/
天龙八部,9.1,https://book.douban.com/subject/1255625/
商文明,8.7,https://book.douban.com/subject/1210773/
幾米地下鐵：一個重新想像的旅程,8.5,https://book.douban.com/subject/1343654/
"1Q84 Books 1, 2 & 3",8.2,https://book.douban.com/subject/6903053/
历史研究,9.1,https://book.douban.com/subject/1315199/
电影艺术（插图第8版）,8.9,https://book.douban.com/subject/3227478/
岩崎千弘绘本经典系列（全三册）,8.8,https://book.douban.com/subject/26260642/
A Touch of Code,9.0,https://book.douban.com/subject/5960812/
迦陵说词讲稿,8.8,https://book.douban.com/subject/2039292/
我的一个世纪,8.0,https://book.douban.com/subject/2604801/
茨威格精选集,8.9,https://book.douban.com/subject/1099460/
听雪楼系列典藏版（全三册）,8.8,https://book.douban.com/subject/2114580/
寓所谜案,7.3,https://book.douban.com/subject/2282514/
找死的兔子,8.4,https://book.douban.com/subject/2171321/
刺金时代——小时代电影全记录II,5.7,https://book.douban.com/subject/25919915/
陈寅恪集,9.2,https://book.douban.com/subject/4086800/
迷迭香,7.4,https://book.douban.com/subject/1055184/
包豪斯,8.0,https://book.douban.com/subject/1031262/
生於天橋底,8.6,https://book.douban.com/subject/3072374/
私语,8.4,https://book.douban.com/subject/1141666/
プラチナデータ (バーズコミックス スペシャル) [コミック],7.1,https://book.douban.com/subject/22806577/
トキオ,None,https://book.douban.com/subject/3170228/
日本推理小說傑作選(6),None,https://book.douban.com/subject/4173979/
ヘッズ 1,None,https://book.douban.com/subject/7058575/
独裁者手册,8.9,https://book.douban.com/subject/25881102/
圆月弯刀,7.0,https://book.douban.com/subject/1089509/
少年巴比伦,8.5,https://book.douban.com/subject/3194071/
被讨厌的勇气,8.5,https://book.douban.com/subject/26369699/
小蝴蝶小披风,8.2,https://book.douban.com/subject/1441707/
秘密,7.3,https://book.douban.com/subject/3266968/
绾青丝Ⅰ,7.5,https://book.douban.com/subject/2009825/
消失！,8.3,https://book.douban.com/subject/4075352/
我有一切的美妙,9.2,https://book.douban.com/subject/26882312/
毛泽东传,7.9,https://book.douban.com/subject/1485628/
哈佛极简中国史,8.1,https://book.douban.com/subject/26891290/
真理与方法（上卷）,8.7,https://book.douban.com/subject/1256169/
大屠杀,7.6,https://book.douban.com/subject/25982110/
论自愿为奴,7.2,https://book.douban.com/subject/25782982/
夏加尔,8.7,https://book.douban.com/subject/1480064/
俄国与拿破仑的决战,8.5,https://book.douban.com/subject/26258900/
寺院与官府,None,https://book.douban.com/subject/26957579/
胡适文集,9.5,https://book.douban.com/subject/24878449/
吾国与吾民,8.5,https://book.douban.com/subject/1491239/
艺术社会史,9.1,https://book.douban.com/subject/25962831/
绿色屋顶之家的安妮-安妮的世界系列-1,7.7,https://book.douban.com/subject/4304560/
岁月神偷,None,https://book.douban.com/subject/6530522/
梦中小屋的安妮,None,https://book.douban.com/subject/6518244/
白雪晶晶,7.7,https://book.douban.com/subject/4726734/
壁炉山庄的安妮,None,https://book.douban.com/subject/6518239/
壁炉山庄的里拉,None,https://book.douban.com/subject/6523764/
少女安妮,9.1,https://book.douban.com/subject/1264253/
花季的安妮,8.7,https://book.douban.com/subject/4079113/
女大学生安妮,9.1,https://book.douban.com/subject/1451453/
风吹白杨的安妮,9.0,https://book.douban.com/subject/1046619/
The Miracle Worker,None,https://book.douban.com/subject/2214077/
小岛上的安妮,9.0,https://book.douban.com/subject/4079116/
壁炉山庄的安妮,8.9,https://book.douban.com/subject/3517498/
沿着塞纳河到翡冷翠,8.7,https://book.douban.com/subject/1933931/
管锥编（全五册）,9.3,https://book.douban.com/subject/1041366/
万叶集精选,8.8,https://book.douban.com/subject/6430503/
沿着亚历山大的足迹,None,https://book.douban.com/subject/26838441/
骸骨迷宫,8.8,https://book.douban.com/subject/26921113/
我的路5,8.8,https://book.douban.com/subject/3897928/
红与黑,8.1,https://book.douban.com/subject/1007433/
我们家,7.8,https://book.douban.com/subject/23186549/
Colorless Tsukuru Tazaki and His Years of Pilgrimage,7.9,https://book.douban.com/subject/25960639/
画在人心的苦闷上,8.1,https://book.douban.com/subject/26873136/
加缪全集（戏剧卷）,9.2,https://book.douban.com/subject/4120483/
虫子旁,8.2,https://book.douban.com/subject/25961294/
古谣谚,9.7,https://book.douban.com/subject/1248549/
茨威格传奇作品集,8.5,https://book.douban.com/subject/2365162/
死亡之犬,7.3,https://book.douban.com/subject/1215326/
李光耀：新加坡赖以生存的硬道理,9.1,https://book.douban.com/subject/5920388/
Citizen Designer,None,https://book.douban.com/subject/2815650/
地下铁电影珍藏纪事,7.7,https://book.douban.com/subject/1072208/
假梦真泪,7.3,https://book.douban.com/subject/1016059/
阿衰on line之二,8.3,https://book.douban.com/subject/1213700/
香初上舞·终上,9.0,https://book.douban.com/subject/1312997/
文心雕龙注(上下),9.3,https://book.douban.com/subject/1181370/
自由主义,7.9,https://book.douban.com/subject/1116334/
城邦暴力团（下）,8.4,https://book.douban.com/subject/5367303/
岛（Vol.6）,7.5,https://book.douban.com/subject/1459494/
国文百八课,9.0,https://book.douban.com/subject/3289275/
明天也是小春日和,8.7,https://book.douban.com/subject/26733854/
日本漫画为什么有趣,7.5,https://book.douban.com/subject/7060214/
恋情的终结,8.3,https://book.douban.com/subject/3266349/
慕尼黑的清真寺,None,https://book.douban.com/subject/26899544/
变身,7.1,https://book.douban.com/subject/3865832/
天行健（全4册）,8.7,https://book.douban.com/subject/1437858/
深夜食堂 01,9.0,https://book.douban.com/subject/20470917/
现象学之基本问题,9.0,https://book.douban.com/subject/2969222/
生命是什么,8.6,https://book.douban.com/subject/1317485/
白先勇细说红楼梦,7.5,https://book.douban.com/subject/26953532/
烈火的召唤,8.7,https://book.douban.com/subject/26672867/
海伯利安的陨落,8.8,https://book.douban.com/subject/2350549/
伯林谈话录,8.3,https://book.douban.com/subject/1069634/
魔鬼约会学,7.4,https://book.douban.com/subject/25839107/
Number the Stars,8.7,https://book.douban.com/subject/1815468/
新世界,8.9,https://book.douban.com/subject/3158482/
人物金庸,7.6,https://book.douban.com/subject/3186975/
风铃中的刀声,7.2,https://book.douban.com/subject/1738651/
瑪嘉烈與大衛的蒼蠅,8.6,https://book.douban.com/subject/25921542/
小乘佛学,8.7,https://book.douban.com/subject/1011158/
丑陋的中国人,7.9,https://book.douban.com/subject/1027247/
汉文学史纲要,8.6,https://book.douban.com/subject/1968911/
艽野尘梦,8.8,https://book.douban.com/subject/1130367/
行者无疆,7.7,https://book.douban.com/subject/1054889/
顾随讲《诗经》,8.9,https://book.douban.com/subject/24757024/
活了一百萬次的貓,9.3,https://book.douban.com/subject/26938348/
别处生活,8.7,https://book.douban.com/subject/10588835/
文物小讲,8.5,https://book.douban.com/subject/2979310/
生死之间,7.9,https://book.douban.com/subject/26858554/
设计入门教室：设计的基本规则,8.5,https://book.douban.com/subject/26896124/
驱魔人,7.5,https://book.douban.com/subject/3571559/
八九十枝花,8.4,https://book.douban.com/subject/21770836/
十九世纪欧洲艺术史,9.3,https://book.douban.com/subject/25795535/
中国古代文化常识,8.9,https://book.douban.com/subject/2747765/
奇想·天动,8.3,https://book.douban.com/subject/4898712/
格里沙中士,None,https://book.douban.com/subject/1781452/
尼罗河惨案Death On The nile (DVD),8.9,https://book.douban.com/subject/2312024/
走夜路请放声歌唱,8.1,https://book.douban.com/subject/6844469/
许渊冲经典英译古代诗歌1000首（套装共10册）,8.2,https://book.douban.com/subject/23757831/
舊歡如夢,7.0,https://book.douban.com/subject/1989352/
顾随讲《诗经》,8.9,https://book.douban.com/subject/24757024/
一日一花,8.6,https://book.douban.com/subject/25799716/
理想丈夫与不可儿戏,9.1,https://book.douban.com/subject/1030575/
天地九重,8.8,https://book.douban.com/subject/4312477/
民族与民族主义,8.3,https://book.douban.com/subject/1795078/
东方专制主义,7.8,https://book.douban.com/subject/1851215/
现代危机,8.6,https://book.douban.com/subject/10600899/
"从""东欧""到""新欧洲""",8.4,https://book.douban.com/subject/6308034/
民主的模式,7.9,https://book.douban.com/subject/1044823/
民主的阴暗面,7.7,https://book.douban.com/subject/25863979/
身份与暴力,8.1,https://book.douban.com/subject/4126261/
君主论,8.5,https://book.douban.com/subject/1799240/
中国政治,7.8,https://book.douban.com/subject/1061140/
政治秩序的起源,8.6,https://book.douban.com/subject/25971624/
社会契约论,9.1,https://book.douban.com/subject/6110110/
民主的不满,8.4,https://book.douban.com/subject/26683648/
谁统治美国？,8.6,https://book.douban.com/subject/3792643/
论李维,8.9,https://book.douban.com/subject/1315248/
集体暴力的政治,7.3,https://book.douban.com/subject/1950846/
公众舆论,8.4,https://book.douban.com/subject/1809150/
路易·波拿巴的雾月十八日,9.0,https://book.douban.com/subject/1091964/
控制国家,8.2,https://book.douban.com/subject/1043910/
政治学研究方法指南,8.4,https://book.douban.com/subject/1853209/
我想送你一盒小卡片·十五年创作精选,None,https://book.douban.com/subject/26230392/
2012几米作品珍藏版台历,7.4,https://book.douban.com/subject/6966811/
"满分孩子,满分妈妈",7.3,https://book.douban.com/subject/20472762/
海外汉语探索四百年管窥,None,https://book.douban.com/subject/3516461/
百鬼夜行抄1 [東立],9.0,https://book.douban.com/subject/3091122/
刀与星辰,8.5,https://book.douban.com/subject/10607793/
Processing互动编程艺术,7.1,https://book.douban.com/subject/6517501/
教育思想的演进,9.3,https://book.douban.com/subject/1869106/
异常,8.1,https://book.douban.com/subject/4882013/
开放社会及其敌人（全二卷）,8.9,https://book.douban.com/subject/1015748/
王阳明《传习录》详注集评,9.0,https://book.douban.com/subject/4164620/
我不要你死于一事无成,8.1,https://book.douban.com/subject/10598170/
金锁记,8.5,https://book.douban.com/subject/3017857/
黄金盟誓之书,8.3,https://book.douban.com/subject/3662629/
夜色人生,8.4,https://book.douban.com/subject/26787935/
我的疯狂发明书,8.5,https://book.douban.com/subject/26938818/
今生今世张爱玲,7.9,https://book.douban.com/subject/5918585/
MONSTER-怪物-02,9.4,https://book.douban.com/subject/1419736/
理解媒介,8.5,https://book.douban.com/subject/1087547/
幾米地下鐵：一個重新想像的旅程,8.5,https://book.douban.com/subject/1343654/
别那么骄傲,7.3,https://book.douban.com/subject/26636314/
父辈的旗帜,7.6,https://book.douban.com/subject/1885360/
蓝色笔记本,8.5,https://book.douban.com/subject/1012401/
诺桑觉寺,7.5,https://book.douban.com/subject/1753403/
踮脚张望的时光,7.8,https://book.douban.com/subject/2980812/
博物馆行星,7.5,https://book.douban.com/subject/26435482/
搞定女人,7.9,https://book.douban.com/subject/1343063/
剑桥中国晚清史（上下卷）,8.8,https://book.douban.com/subject/1039126/
原研哉的设计世界,8.3,https://book.douban.com/subject/1608543/
盗墓笔记2,8.2,https://book.douban.com/subject/2057285/
从20万到30亿,7.1,https://book.douban.com/subject/5920818/
西亚考古史,8.4,https://book.douban.com/subject/1585406/
走近鲁迅余抄,7.8,https://book.douban.com/subject/5363530/
风险投资家环球游记,8.4,https://book.douban.com/subject/1083161/
探求一个灿烂的世纪,6.2,https://book.douban.com/subject/1677896/
中国经典原境界,9.4,https://book.douban.com/subject/26789720/
舍得，舍不得,8.0,https://book.douban.com/subject/26639786/
追忆,8.7,https://book.douban.com/subject/1038492/
古龙英雄谱,7.6,https://book.douban.com/subject/1041810/
五灯会元（全三册）,9.1,https://book.douban.com/subject/1019232/
昨日之旅,8.6,https://book.douban.com/subject/26828751/
茨威格散文精选,7.5,https://book.douban.com/subject/1023538/
麦哲伦传,8.3,https://book.douban.com/subject/1191019/
海涅 席勒 茨威格,None,https://book.douban.com/subject/3124035/
通往心灵-茨威格其人其作,None,https://book.douban.com/subject/1059478/
巴尔扎克,8.0,https://book.douban.com/subject/1642816/
Brazil Land of the Future,None,https://book.douban.com/subject/14611456/
象棋的故事(文学小丛书),9.4,https://book.douban.com/subject/3099173/
一个女人一生之中的24小时（德语经典文学手绘插画本),7.9,https://book.douban.com/subject/25813516/
文豪笔下的文豪,None,https://book.douban.com/subject/1520008/
Schachnovelle,8.9,https://book.douban.com/subject/1999421/
无处为家,7.6,https://book.douban.com/subject/1400720/
一个陌生女人的来信,8.4,https://book.douban.com/subject/6813214/
le voyage dans le passé,None,https://book.douban.com/subject/3610632/
一位陌生女子的來信,None,https://book.douban.com/subject/1361377/
永久记忆版世界文学名著文库,7.3,https://book.douban.com/subject/1011359/
莱茵河畔的森林之歌,6.9,https://book.douban.com/subject/1003092/
After the Funeral,7.5,https://book.douban.com/subject/2364182/
现代主义之后的艺术史,8.6,https://book.douban.com/subject/25800793/
写在人生边上 人生边上的边上 石语,8.8,https://book.douban.com/subject/1073349/
没有月亮的晚上,7.2,https://book.douban.com/subject/1016060/
拓边西北,8.6,https://book.douban.com/subject/20399478/
ABC谋杀案,8.0,https://book.douban.com/subject/1903164/
中国一九五七,9.0,https://book.douban.com/subject/1021677/
追忆,8.7,https://book.douban.com/subject/1038492/
奇迹集,8.4,https://book.douban.com/subject/10618099/
中国艺术史,8.4,https://book.douban.com/subject/25849160/
改善情绪的正念疗法,8.6,https://book.douban.com/subject/4062809/
毕加索的成败,8.3,https://book.douban.com/subject/2078883/
布谷鸟的呼唤,7.2,https://book.douban.com/subject/25840545/
英雄广场,8.7,https://book.douban.com/subject/25870782/
认知设计,8.3,https://book.douban.com/subject/23058339/
原则与妥协（修订本）,9.0,https://book.douban.com/subject/1026628/
我爱问连岳,8.1,https://book.douban.com/subject/2143304/
夢の化石,8.7,https://book.douban.com/subject/5907491/
设计心理学,8.2,https://book.douban.com/subject/1288844/
设计师要懂心理学,7.7,https://book.douban.com/subject/23708491/
人机交互技术,None,https://book.douban.com/subject/1185277/
交互式系统设计（第2版）,None,https://book.douban.com/subject/26256945/
iPhone User Interface Design Projects,None,https://book.douban.com/subject/3634201/
设计心理学2,7.9,https://book.douban.com/subject/6750510/
交互设计,6.6,https://book.douban.com/subject/11608826/
BACCANO！01,9.2,https://book.douban.com/subject/3242963/
精益创业实战,8.8,https://book.douban.com/subject/20505765/
Mobile Web Design,None,https://book.douban.com/subject/3661766/
身體評估之OSCE臨床能力鑑定,8.4,https://book.douban.com/subject/3182082/
构筑体验,None,https://book.douban.com/subject/26268840/
Web设计禁忌,7.0,https://book.douban.com/subject/1737592/
设计之下,7.6,https://book.douban.com/subject/25817190/
Web导航设计,8.1,https://book.douban.com/subject/3313897/
别具光芒,None,https://book.douban.com/subject/2181441/
简单法则,7.7,https://book.douban.com/subject/2144413/
网站设计解构,7.3,https://book.douban.com/subject/4926708/
场的哲学,None,https://book.douban.com/subject/1447318/
无懈可击的Web设计,8.1,https://book.douban.com/subject/1937913/
剑拔弩张的盟友,8.2,https://book.douban.com/subject/10772478/
香初上舞·再上,9.0,https://book.douban.com/subject/1276930/
潜规则,8.3,https://book.douban.com/subject/1025723/
CATIA V5曲面造型应用实例,None,https://book.douban.com/subject/1609782/
魅生·妖颜卷,8.5,https://book.douban.com/subject/2057550/
我依然爱你，我只是不喜欢你了,7.0,https://book.douban.com/subject/26293455/
瞬变,8.3,https://book.douban.com/subject/5336008/
她们,8.5,https://book.douban.com/subject/26690624/
一个人的美食之旅,8.3,https://book.douban.com/subject/5940434/
现当代建筑十五讲,8.9,https://book.douban.com/subject/25810014/
Photoshop修色圣典,9.2,https://book.douban.com/subject/3998734/
就算天空再深,7.2,https://book.douban.com/subject/4861485/
零伯爵,7.8,https://book.douban.com/subject/26328513/
最初不过你好,7.6,https://book.douban.com/subject/26879486/
唐韵胡风,None,https://book.douban.com/subject/26839460/
理想国与哲人王,9.0,https://book.douban.com/subject/1082578/
我的大学,7.7,https://book.douban.com/subject/1069405/
彦川一中的帅气殿下,8.3,https://book.douban.com/subject/5026634/
衰世与西法,8.8,https://book.douban.com/subject/26276879/
蒙元入侵前夜的中国日常生活,7.9,https://book.douban.com/subject/3525645/
基地续集2·基地与地球（上下）,8.8,https://book.douban.com/subject/1258486/
那些让你痛苦的，终有一天你会笑着说出来,7.6,https://book.douban.com/subject/26828520/
天使在人间,8.4,https://book.douban.com/subject/1279648/
占星术杀人魔法,8.4,https://book.douban.com/subject/3187737/
Endless Night,None,https://book.douban.com/subject/4740604/
留英學生日誌,6.9,https://book.douban.com/subject/1993737/
印度札记,8.2,https://book.douban.com/subject/3771868/
到山中去,9.0,https://book.douban.com/subject/26775415/
自由在高处,8.1,https://book.douban.com/subject/5401989/
叔本华的治疗,8.9,https://book.douban.com/subject/3684193/
羊脂球,8.1,https://book.douban.com/subject/1205370/
在路上——中国的天主教,9.3,https://book.douban.com/subject/3024802/
封神演义,7.8,https://book.douban.com/subject/1009938/
为他准备的谋杀,8.1,https://book.douban.com/subject/5992037/
神圣艺术,8.6,https://book.douban.com/subject/26627818/
鲁迅的最后十年,7.8,https://book.douban.com/subject/1492808/
为人文教育辩护,8.6,https://book.douban.com/subject/26674037/
金庸爱情三十六计,6.8,https://book.douban.com/subject/6541393/
ダンス・ダンス・ダンス(下),None,https://book.douban.com/subject/4325626/
月异星邪,6.4,https://book.douban.com/subject/25733651/
查理九世6·吸血鬼公墓,8.7,https://book.douban.com/subject/6390601/
封神演义,7.8,https://book.douban.com/subject/1009938/
中国历代军事战略（上下）,8.5,https://book.douban.com/subject/1247901/
胆小别看画 1,8.3,https://book.douban.com/subject/26756741/
鲍勃·迪伦：诗人之歌,9.1,https://book.douban.com/subject/26976429/
密林中,7.3,https://book.douban.com/subject/26598482/
青年希特勒,8.6,https://book.douban.com/subject/25929935/
力量,9.1,https://book.douban.com/subject/4090260/
天才的阴暗面,7.9,https://book.douban.com/subject/10512238/
简·奥斯汀经典作品集,9.1,https://book.douban.com/subject/3741375/
罗素自选文集,8.9,https://book.douban.com/subject/1894184/
纽约琐记（修订版）,8.2,https://book.douban.com/subject/2294993/
欧里庇得斯悲剧集（全三册）,8.6,https://book.douban.com/subject/1512759/
美国裂变,8.9,https://book.douban.com/subject/26883590/
当你的才华还撑不起你的梦想时,7.3,https://book.douban.com/subject/26656779/
大师镜头,8.2,https://book.douban.com/subject/4722905/
沉默,8.5,https://book.douban.com/subject/3866885/
回憶愛瑪儂,9.1,https://book.douban.com/subject/19976976/
柔福帝姬,7.8,https://book.douban.com/subject/1464085/
我们为什么会分手？,7.4,https://book.douban.com/subject/26146992/
经典里的中国,8.9,https://book.douban.com/subject/26905301/
白夜北欧,7.9,https://book.douban.com/subject/1752687/
贫穷的本质,7.7,https://book.douban.com/subject/21966353/
细说汉字,8.8,https://book.douban.com/subject/1258406/
一个人的朝圣,8.1,https://book.douban.com/subject/24934182/
伪装成独白的爱情,8.5,https://book.douban.com/subject/26577690/
沉重的肉身,8.8,https://book.douban.com/subject/2216583/
十二國記：東之海神·西之滄海,9.1,https://book.douban.com/subject/1389027/
地下铁电影珍藏纪事,7.7,https://book.douban.com/subject/1072208/
于阗六篇,8.2,https://book.douban.com/subject/26284973/
月满霜河（全两册）,7.5,https://book.douban.com/subject/5350181/
伤心者,8.1,https://book.douban.com/subject/26590999/
食物與廚藝,9.3,https://book.douban.com/subject/4174183/
给一个未出生孩子的信,8.3,https://book.douban.com/subject/4266008/
演员的自我修养,8.8,https://book.douban.com/subject/26952828/
不爱我，别伤我,9.3,https://book.douban.com/subject/26931157/
横向领导力,8.0,https://book.douban.com/subject/26641761/
龙族Ⅱ,8.1,https://book.douban.com/subject/6434543/
24重人格,8.0,https://book.douban.com/subject/3033690/
異獸魔都(01),9.2,https://book.douban.com/subject/3172176/
古典音乐的巨匠时代（1685—1897）,7.7,https://book.douban.com/subject/25803500/
Black Coffee,6.5,https://book.douban.com/subject/3358512/
长夜,7.8,https://book.douban.com/subject/1534114/
The Unexpected Guest,7.7,https://book.douban.com/subject/3358535/
The Clocks (Hercule Poirot),None,https://book.douban.com/subject/2958508/
Hercule Poirot's Christmas,None,https://book.douban.com/subject/1901734/
The Mousetrap and Selected Plays,7.7,https://book.douban.com/subject/2056477/
马克·吐温中短篇小说选,8.5,https://book.douban.com/subject/1212486/
BLACK COFFEE,7.2,https://book.douban.com/subject/1574356/
A Caribbean Mystery,7.4,https://book.douban.com/subject/4306271/
The Pale Horse,6.8,https://book.douban.com/subject/1417786/
从历史中醒来,9.2,https://book.douban.com/subject/26848651/
第一辩手1·王牌庭辩队,8.0,https://book.douban.com/subject/4932789/
说园,8.8,https://book.douban.com/subject/1046946/
坏女人,8.3,https://book.douban.com/subject/20381888/
张爱玲文集·补遗,8.1,https://book.douban.com/subject/1070655/
1901年,8.6,https://book.douban.com/subject/1010512/
六道众生,8.2,https://book.douban.com/subject/11605558/
不易居,7.3,https://book.douban.com/subject/5408253/
最高职责,8.6,https://book.douban.com/subject/6607708/
幻城1,6.6,https://book.douban.com/subject/10828524/
男人约会往北，女人约会往南,7.7,https://book.douban.com/subject/1444770/
中国异闻录,7.5,https://book.douban.com/subject/26861716/
学会学习,7.5,https://book.douban.com/subject/26743071/
鱼丽之宴,8.5,https://book.douban.com/subject/1963395/
死亡如此多情,8.1,https://book.douban.com/subject/24839756/
精神分析引论,8.6,https://book.douban.com/subject/1038292/
旅之良品,7.4,https://book.douban.com/subject/26827019/
儒教与道教,8.0,https://book.douban.com/subject/1434346/
西方文明中的音乐,9.4,https://book.douban.com/subject/1428307/
人体素描,8.8,https://book.douban.com/subject/1038523/
现实感,8.6,https://book.douban.com/subject/1053933/
风景旧曾谙,8.8,https://book.douban.com/subject/3183666/
山本五十六,8.2,https://book.douban.com/subject/1059491/
鹊华秋色,8.3,https://book.douban.com/subject/3135032/
风景旧曾谙,8.8,https://book.douban.com/subject/3183666/
丝之屋,7.9,https://book.douban.com/subject/6863330/
集外集,8.2,https://book.douban.com/subject/2046903/
山本耀司：我投下一枚炸弹,7.8,https://book.douban.com/subject/25803556/
贾平凹散文,8.1,https://book.douban.com/subject/1398449/
席慕蓉经典作品,8.7,https://book.douban.com/subject/1083883/
彩虹六号（上下册）,8.3,https://book.douban.com/subject/2225147/
金庸评传,7.1,https://book.douban.com/subject/1199547/
母亲,7.8,https://book.douban.com/subject/1519058/
风的寂寞只有云懂,6.1,https://book.douban.com/subject/25902238/
周恩来与他的世纪,8.6,https://book.douban.com/subject/1741716/
中国行きのスロウ・ボート (中公文庫),7.8,https://book.douban.com/subject/1770481/
从黑格尔到尼采,8.5,https://book.douban.com/subject/1768046/
发展心理学-儿童与青少年-第八版,8.8,https://book.douban.com/subject/3755086/
佛光无尽,8.2,https://book.douban.com/subject/25986157/
幸存者,7.5,https://book.douban.com/subject/26772419/
弯曲的脊梁,8.4,https://book.douban.com/subject/10546119/
布莱希特戏剧选（共两册）,8.8,https://book.douban.com/subject/2056790/
世界上的另一个你,7.7,https://book.douban.com/subject/10512506/
生活的艺术,8.3,https://book.douban.com/subject/1492634/
宇宙不安學會暨門小雷繪圖筆記本,9.5,https://book.douban.com/subject/3866325/
流金岁月,8.4,https://book.douban.com/subject/1046172/
金刚经讲义/中国近现代佛学大师著述系列,9.3,https://book.douban.com/subject/1811550/
一个人的电影,7.4,https://book.douban.com/subject/3239824/
中国国家治理的制度逻辑,None,https://book.douban.com/subject/26901114/
我想送你一盒小卡片·十五年创作精选,None,https://book.douban.com/subject/26230392/
2012几米作品珍藏版台历,7.4,https://book.douban.com/subject/6966811/
"满分孩子,满分妈妈",7.3,https://book.douban.com/subject/20472762/
海外汉语探索四百年管窥,None,https://book.douban.com/subject/3516461/
容忍与自由,9.0,https://book.douban.com/subject/6558202/
战争与革命中的西南联大,8.9,https://book.douban.com/subject/10436418/
多莱尔的希腊神话书,9.1,https://book.douban.com/subject/26710042/
JOJO的奇妙冒險(01),8.8,https://book.douban.com/subject/1467599/
無用的日子,8.9,https://book.douban.com/subject/25783249/
霸王别姬 青蛇,8.9,https://book.douban.com/subject/1018577/
儿童的利益,9.2,https://book.douban.com/subject/10454001/
尋芳記,7.5,https://book.douban.com/subject/1499773/
人生若只初相见,7.4,https://book.douban.com/subject/4124855/
你配得上更好的世界,7.0,https://book.douban.com/subject/26243027/
完美末日,8.1,https://book.douban.com/subject/26596367/
庄子集解·庄子集解内篇补正,9.3,https://book.douban.com/subject/1254354/
反对阐释,8.7,https://book.douban.com/subject/1012272/
不要因为走得太远而忘记为什么出发,8.6,https://book.douban.com/subject/20453024/
治史三书,9.1,https://book.douban.com/subject/6100919/
女性健康私密书,8.2,https://book.douban.com/subject/10493119/
夜空最亮的星,7.6,https://book.douban.com/subject/26666471/
十二國記 - 前傳 - 魔性之子,8.7,https://book.douban.com/subject/1863160/
鸭川小鬼,7.8,https://book.douban.com/subject/4895136/
食物与厨艺,8.7,https://book.douban.com/subject/24885010/
寒鸦劫,7.6,https://book.douban.com/subject/6737930/
北極熊 café 芒果味,9.0,https://book.douban.com/subject/10430786/
经典摇滚音乐指南：大卫·鲍伊,8.4,https://book.douban.com/subject/26948234/
杜马岛,7.8,https://book.douban.com/subject/4038618/
制造汉武帝,7.9,https://book.douban.com/subject/26476950/
科幻小说史,7.8,https://book.douban.com/subject/4282061/
人类的音乐,8.7,https://book.douban.com/subject/1076234/
时间的社会文化史,7.8,https://book.douban.com/subject/24746510/
启蒙运动与现代性,9.0,https://book.douban.com/subject/1393220/
世界文学名著全书·世界奇书文库,8.8,https://book.douban.com/subject/1397966/
宫殿考古通论,8.4,https://book.douban.com/subject/1602900/
莫奈,9.3,https://book.douban.com/subject/2362352/
爱·别·离,6.5,https://book.douban.com/subject/26637220/
诡迹（下）,6.8,https://book.douban.com/subject/20270241/
最小说2008.09,6.7,https://book.douban.com/subject/25778300/
最漫画·仙缘号,6.8,https://book.douban.com/subject/10436662/
最小说2009.六月上,6.4,https://book.douban.com/subject/25778304/
最小说映刻2009.01,6.7,https://book.douban.com/subject/25778303/
我喜欢的 奇怪的你,8.3,https://book.douban.com/subject/26973031/
西望张爱玲,7.2,https://book.douban.com/subject/2347562/
最漫画·时代号,7.5,https://book.douban.com/subject/6749782/
不是因为寂寞才想你,7.2,https://book.douban.com/subject/4822943/
寻找老板,8.0,https://book.douban.com/subject/26759600/
最漫画·封神号,7.1,https://book.douban.com/subject/6864893/
幻城3,None,https://book.douban.com/subject/10828522/
發現約旦,7.6,https://book.douban.com/subject/6885912/
最漫画·青春号,7.0,https://book.douban.com/subject/6534797/
怪物大师,7.1,https://book.douban.com/subject/21248839/
那些牛人，那些糗事,8.7,https://book.douban.com/subject/4236838/
联合舰队,8.6,https://book.douban.com/subject/4208659/
爱情就是一物降一物,7.8,https://book.douban.com/subject/10530039/
突然十年便过去,7.4,https://book.douban.com/subject/6002887/
江村经济,8.9,https://book.douban.com/subject/1325507/
毕业前杀人游戏,6.6,https://book.douban.com/subject/1927377/
古怪的身体,7.7,https://book.douban.com/subject/26433665/
焦虑的意义,8.5,https://book.douban.com/subject/5361804/
慢骑中国,8.4,https://book.douban.com/subject/24869869/
创世记,8.9,https://book.douban.com/subject/1018714/
失落的约柜,7.2,https://book.douban.com/subject/1901904/
魏晋南北朝壁画墓研究（增订版）,None,https://book.douban.com/subject/26935994/
李渔全集,9.4,https://book.douban.com/subject/1511900/
李渔全集,9.4,https://book.douban.com/subject/1511900/
人格转移杀人事件,7.6,https://book.douban.com/subject/11498195/
写给大家的中国美术史,8.1,https://book.douban.com/subject/3128801/
文章作法,8.4,https://book.douban.com/subject/2283714/
男人的一半是女人,7.6,https://book.douban.com/subject/1086449/
传家,8.6,https://book.douban.com/subject/10553189/
是非疲劳,6.6,https://book.douban.com/subject/26358463/
王道士的孤独之心俱乐部,8.5,https://book.douban.com/subject/24760962/
花常好月常圆人长久,7.7,https://book.douban.com/subject/4328952/
周家后院,7.4,https://book.douban.com/subject/6070384/
红楼梦,9.5,https://book.douban.com/subject/1174701/
明斯克号出击,7.4,https://book.douban.com/subject/3288259/
壹刻,7.7,https://book.douban.com/subject/25952600/
人类的知识,8.5,https://book.douban.com/subject/1086511/
国民党高层的派系政治,8.4,https://book.douban.com/subject/4139460/
飞刀·又见飞刀,None,https://book.douban.com/subject/25783168/
村上朝日堂はいかにして鍛えられたか,None,https://book.douban.com/subject/4808546/
舞舞舞吧（上）,None,https://book.douban.com/subject/3266612/
A Wild Haruki Chase,None,https://book.douban.com/subject/3203564/
村上春樹全作品１９７９～１９８９（１）,None,https://book.douban.com/subject/3125900/
The Strange Library,6.7,https://book.douban.com/subject/25979644/
回転木馬のデッド・ヒート,None,https://book.douban.com/subject/3127949/
Colorless Tsukuru Tazaki and His Years of Pilgrimage,None,https://book.douban.com/subject/26460378/
Norwegian Wood,8.1,https://book.douban.com/subject/6017805/
小寶神功 (廿一世紀進級版),None,https://book.douban.com/subject/3202255/
A Wild Sheep Chase,None,https://book.douban.com/subject/3104996/
風の歌を聽け,None,https://book.douban.com/subject/1353980/
村上春樹全作品（1990～2000 2）,None,https://book.douban.com/subject/3125895/
村上春樹全作品１９７９～１９８９（５）,None,https://book.douban.com/subject/3125887/
村上春樹全作品１９７９～１９８９（８）,None,https://book.douban.com/subject/3127956/
Norwegian Wood CD,None,https://book.douban.com/subject/3221941/
TVピープル,None,https://book.douban.com/subject/4274290/
ガラスの靴・悪い仲間,None,https://book.douban.com/subject/4121184/
"Pinball, 1973",8.1,https://book.douban.com/subject/1479705/
Underground,None,https://book.douban.com/subject/21381306/
楚辞,9.0,https://book.douban.com/subject/1393724/
人情·世故,7.6,https://book.douban.com/subject/4841303/
日常生活颂歌,8.3,https://book.douban.com/subject/19964301/
你内心的无能为力，来自对世界的恐惧,9.2,https://book.douban.com/subject/26971169/
悬而未决的时刻,8.1,https://book.douban.com/subject/1908264/
戏剧的毒药,8.4,https://book.douban.com/subject/26639311/
幸福是……：500件关于快乐的小小事,8.6,https://book.douban.com/subject/26435202/
乘风破浪,7.4,https://book.douban.com/subject/26951532/
落脚城市,8.4,https://book.douban.com/subject/7060184/
判断力批判,9.1,https://book.douban.com/subject/1137244/
伦敦传,8.3,https://book.douban.com/subject/26775503/
航母舰队司令,8.8,https://book.douban.com/subject/25785260/
雪洞,8.3,https://book.douban.com/subject/4817590/
敦煌,8.0,https://book.douban.com/subject/5348044/
小红狼,8.9,https://book.douban.com/subject/25880365/
藤子·F·不二雄SF短篇完全版 1,9.5,https://book.douban.com/subject/3057111/
末日之书,7.8,https://book.douban.com/subject/4025049/
孩子，把你的手给我,8.8,https://book.douban.com/subject/1067049/
我的前半生,8.1,https://book.douban.com/subject/2230208/
海德格尔选集（上下）,9.3,https://book.douban.com/subject/1027384/
人类活动中的理性,8.8,https://book.douban.com/subject/26934266/
ab日记,8.1,https://book.douban.com/subject/5936030/
失落的天书,8.8,https://book.douban.com/subject/2006842/
十年一品温如言,8.2,https://book.douban.com/subject/21321839/
所有失去的都会以另一种方式归来,6.1,https://book.douban.com/subject/26747695/
喜福会,8.3,https://book.douban.com/subject/1768332/
梦歌,8.6,https://book.douban.com/subject/26264178/
古代墓葬美术研究（第一辑）,8.1,https://book.douban.com/subject/6840026/
快活馋,7.5,https://book.douban.com/subject/25828868/
赫尔佐格谈赫尔佐格,9.2,https://book.douban.com/subject/2979694/
字里书外,None,https://book.douban.com/subject/26954027/
情锁,8.2,https://book.douban.com/subject/1465135/
心理罪之第七个读者,7.4,https://book.douban.com/subject/26277676/
痴虫,8.8,https://book.douban.com/subject/1342642/
怀抱花月的水妖,8.7,https://book.douban.com/subject/5921001/
More Than Human,9.2,https://book.douban.com/subject/2158991/
中华的崩溃与扩大：魏晋南北朝,8.0,https://book.douban.com/subject/25828759/
写给儿童的中国历史,9.1,https://book.douban.com/subject/25915102/
混音指南,9.3,https://book.douban.com/subject/5957920/
儿子与情人,7.6,https://book.douban.com/subject/2036573/
《造型与形式构成》,8.7,https://book.douban.com/subject/1962455/
大淖记事,9.1,https://book.douban.com/subject/3464389/
九州·缥缈录,8.8,https://book.douban.com/subject/1321017/
G小调进行曲(1),6.3,https://book.douban.com/subject/1825047/
愚政进行曲,8.3,https://book.douban.com/subject/26831766/
随意,7.2,https://book.douban.com/subject/25866789/
一生的性计划,7.3,https://book.douban.com/subject/1223823/
做个风格插画家,8.1,https://book.douban.com/subject/21241464/
江浙财阀与国民政府（一九二七——一九三七年）,9.0,https://book.douban.com/subject/2156289/
神圣的存在,8.8,https://book.douban.com/subject/3174519/
张爱玲与白先勇的上海神话,7.1,https://book.douban.com/subject/6837618/
Putin's Kleptocracy,None,https://book.douban.com/subject/26091142/
远行,8.4,https://book.douban.com/subject/10775812/
苏轼诗词文选评,9.4,https://book.douban.com/subject/1025238/
苏轼诗词文选评,9.4,https://book.douban.com/subject/1025238/
寂然的狂喜,8.0,https://book.douban.com/subject/26888764/
城境 -- 香港建筑1946-2011,8.5,https://book.douban.com/subject/25917090/
驼峰航线,8.6,https://book.douban.com/subject/1427451/
为什么长大？,8.6,https://book.douban.com/subject/26769136/
現代主義：異端的誘惑,7.9,https://book.douban.com/subject/4196606/
爱的觉醒,8.7,https://book.douban.com/subject/1829799/
大自然,9.4,https://book.douban.com/subject/26662356/
给我自由!,8.7,https://book.douban.com/subject/6004602/
蓝另一种蓝,7.7,https://book.douban.com/subject/6885715/
我的大脑敞开了,8.3,https://book.douban.com/subject/1313462/
成长比成功更重要,7.8,https://book.douban.com/subject/1836258/
世界室内设计史,8.4,https://book.douban.com/subject/1114924/
面包会有的,8.0,https://book.douban.com/subject/26461519/
金翼,8.6,https://book.douban.com/subject/2988944/
巴提斯塔的荣光,7.7,https://book.douban.com/subject/3681571/
雷·哈里豪森的电影奇想剪贴簿,None,https://book.douban.com/subject/26905686/
山山水水聊聊画画,8.1,https://book.douban.com/subject/26846184/
守夜,9.1,https://book.douban.com/subject/3890089/
一生的学习,8.5,https://book.douban.com/subject/1077129/
他们说，我是幸运的,8.2,https://book.douban.com/subject/26821757/
白银时代,8.3,https://book.douban.com/subject/1082150/
论语,9.0,https://book.douban.com/subject/1964774/
基地前传1·基地前奏（上下）,8.9,https://book.douban.com/subject/1258487/
庄子諵譁（上）,8.9,https://book.douban.com/subject/2149717/
你要么出众，要么出局,7.3,https://book.douban.com/subject/26974490/
梅特林克戏剧选,8.6,https://book.douban.com/subject/2154535/
ワンパンマン 1,9.3,https://book.douban.com/subject/20390735/
线,8.4,https://book.douban.com/subject/25890145/
东北解放战争纪实,8.1,https://book.douban.com/subject/1162560/
怨氣撞鈴5·同路,8.3,https://book.douban.com/subject/26393180/
我們,9.2,https://book.douban.com/subject/3268044/
楞伽经,8.8,https://book.douban.com/subject/4843441/
怒剑狂花,6.1,https://book.douban.com/subject/3040996/
大地飛鷹(上)——古龍精品集,7.6,https://book.douban.com/subject/10739724/
大地飛鷹(中)——古龍精品集,7.5,https://book.douban.com/subject/10739725/
大地飛鷹(下)——古龍精品集,7.3,https://book.douban.com/subject/10739726/
英雄无泪（上册）,None,https://book.douban.com/subject/2008172/
罗素自传（第一卷）,8.1,https://book.douban.com/subject/1054092/
金剑残骨令,None,https://book.douban.com/subject/3882640/
离别勾,7.6,https://book.douban.com/subject/3243929/
暗战,None,https://book.douban.com/subject/1144840/
剑气满天花满楼（上下）,5.9,https://book.douban.com/subject/3053431/
我喜欢当年喜欢你的我,7.1,https://book.douban.com/subject/10773363/
巴黎没有摩天轮,7.0,https://book.douban.com/subject/3671351/
十一家注孙子校理,9.4,https://book.douban.com/subject/1038125/
苏东坡传,8.8,https://book.douban.com/subject/26847644/
十年论鲁迅,None,https://book.douban.com/subject/26642948/
哲味的寻觅,None,https://book.douban.com/subject/1023564/
哈利·波特与凤凰社,8.7,https://book.douban.com/subject/1013129/
使女的故事,8.2,https://book.douban.com/subject/3056877/
剑海鹰扬,7.5,https://book.douban.com/subject/2351258/
荳芽集,7.2,https://book.douban.com/subject/1390007/
橫濱購物紀行01,8.9,https://book.douban.com/subject/1916634/
铳梦,9.0,https://book.douban.com/subject/1467239/
在宇宙间不易被风吹散,7.3,https://book.douban.com/subject/26801831/
毒巧克力命案,8.0,https://book.douban.com/subject/4191444/
明初以降人口及其相关问题,9.0,https://book.douban.com/subject/1084229/
沉船,7.8,https://book.douban.com/subject/1077867/
比恐惧更强烈的情感,7.5,https://book.douban.com/subject/25897675/
阿劳谈艺录,9.1,https://book.douban.com/subject/1122587/
伦理学,8.8,https://book.douban.com/subject/1274953/
寒夜客来,8.0,https://book.douban.com/subject/1460123/
权力与繁荣,8.7,https://book.douban.com/subject/1315182/
拼贴城市,7.7,https://book.douban.com/subject/1396300/
绘画鉴赏方法,None,https://book.douban.com/subject/26822671/
OK主人阁下1,7.6,https://book.douban.com/subject/3018319/
舍得，舍不得,8.0,https://book.douban.com/subject/26639786/
以梦为马：海子经典诗选,8.8,https://book.douban.com/subject/26737443/
智能的结构,8.2,https://book.douban.com/subject/3063877/
纳粹将领的自述,8.5,https://book.douban.com/subject/3848876/
治学的门径与取法,8.0,https://book.douban.com/subject/25906968/
女同志性愛聖經,7.2,https://book.douban.com/subject/3133930/
