code,link
[200],http://gz.zu.anjuke.com/fangyuan/1046318281
[200],http://gz.zu.anjuke.com/fangyuan/1047317213
[200],http://gz.zu.anjuke.com/fangyuan/1047364031
[200],http://gz.zu.anjuke.com/fangyuan/1044177491
[200],http://gz.zu.anjuke.com/fangyuan/1049523655
[200],http://gz.zu.anjuke.com/fangyuan/1048369289
[200],http://gz.zu.anjuke.com/fangyuan/1048949477
[200],http://gz.zu.anjuke.com/fangyuan/1050786781
[200],http://gz.zu.anjuke.com/fangyuan/1045232471
[200],http://gz.zu.anjuke.com/fangyuan/1047154939
[200],http://gz.zu.anjuke.com/fangyuan/1049879253
[200],http://gz.zu.anjuke.com/fangyuan/1050866091
[200],http://gz.zu.anjuke.com/fangyuan/1048369289
[200],http://gz.zu.anjuke.com/fangyuan/1050568359
[200],http://gz.zu.anjuke.com/fangyuan/1048458816
[200],http://gz.zu.anjuke.com/fangyuan/1045513707
[200],http://gz.zu.anjuke.com/fangyuan/1048847145
[200],http://gz.zu.anjuke.com/fangyuan/1044177491
[200],http://gz.zu.anjuke.com/fangyuan/1049523655
[200],http://gz.zu.anjuke.com/fangyuan/1047364031
[200],http://gz.zu.anjuke.com/fangyuan/1047275007
[200],http://gz.zu.anjuke.com/fangyuan/1047899107
[200],http://gz.zu.anjuke.com/fangyuan/1050313755
[200],http://gz.zu.anjuke.com/fangyuan/1050699932
[200],http://gz.zu.anjuke.com/fangyuan/1050719407
[200],http://gz.zu.anjuke.com/fangyuan/1049632579
[200],http://gz.zu.anjuke.com/fangyuan/1048374345
[200],http://gz.zu.anjuke.com/fangyuan/1049374094
[200],http://gz.zu.anjuke.com/fangyuan/1046573990
[200],http://gz.zu.anjuke.com/fangyuan/1050719542
[200],http://gz.zu.anjuke.com/fangyuan/1049861965
[200],http://gz.zu.anjuke.com/fangyuan/1050046998
[200],http://gz.zu.anjuke.com/fangyuan/1045993862
[200],http://gz.zu.anjuke.com/fangyuan/1050836375
[200],http://gz.zu.anjuke.com/fangyuan/1050717984
[200],http://gz.zu.anjuke.com/fangyuan/1046251138
[200],http://gz.zu.anjuke.com/fangyuan/1049864294
[200],http://gz.zu.anjuke.com/fangyuan/1045771161
[200],http://gz.zu.anjuke.com/fangyuan/1044387051
[200],http://gz.zu.anjuke.com/fangyuan/1045993131
[200],http://gz.zu.anjuke.com/fangyuan/1050615860
[200],http://gz.zu.anjuke.com/fangyuan/1048047165
[200],http://gz.zu.anjuke.com/fangyuan/1044311008
[200],http://gz.zu.anjuke.com/fangyuan/1047522868
[200],http://gz.zu.anjuke.com/fangyuan/1049706148
[200],http://gz.zu.anjuke.com/fangyuan/1047715722
[200],http://gz.zu.anjuke.com/fangyuan/1049504505
[200],http://gz.zu.anjuke.com/fangyuan/1047278645
[200],http://gz.zu.anjuke.com/fangyuan/1047935381
[200],http://gz.zu.anjuke.com/fangyuan/1049293459
[200],http://gz.zu.anjuke.com/fangyuan/1050314707
[200],http://gz.zu.anjuke.com/fangyuan/1050056037
[200],http://gz.zu.anjuke.com/fangyuan/1048498492
[200],http://gz.zu.anjuke.com/fangyuan/1049760291
[200],http://gz.zu.anjuke.com/fangyuan/1050542179
[200],http://gz.zu.anjuke.com/fangyuan/1050503045
[200],http://gz.zu.anjuke.com/fangyuan/1045775339
[200],http://gz.zu.anjuke.com/fangyuan/1050839403
[200],http://gz.zu.anjuke.com/fangyuan/1048936253
[200],http://gz.zu.anjuke.com/fangyuan/1046787796
[200],http://gz.zu.anjuke.com/fangyuan/1050760095
[200],http://gz.zu.anjuke.com/fangyuan/1049335342
[200],http://gz.zu.anjuke.com/fangyuan/1048458816
[200],http://gz.zu.anjuke.com/fangyuan/1045513707
[200],http://gz.zu.anjuke.com/fangyuan/1048847145
[200],http://gz.zu.anjuke.com/fangyuan/1044177491
[200],http://gz.zu.anjuke.com/fangyuan/1047364031
[200],http://gz.zu.anjuke.com/fangyuan/1047899107
[200],http://gz.zu.anjuke.com/fangyuan/1050313755
[200],http://gz.zu.anjuke.com/fangyuan/1050699932
[200],http://gz.zu.anjuke.com/fangyuan/1046660319
[200],http://gz.zu.anjuke.com/fangyuan/1050719407
[200],http://gz.zu.anjuke.com/fangyuan/1049632579
[200],http://gz.zu.anjuke.com/fangyuan/1048374345
[200],http://gz.zu.anjuke.com/fangyuan/1049374094
[200],http://gz.zu.anjuke.com/fangyuan/1046573990
[200],http://gz.zu.anjuke.com/fangyuan/1047691202
[200],http://gz.zu.anjuke.com/fangyuan/1050719542
[200],http://gz.zu.anjuke.com/fangyuan/1050060680
[200],http://gz.zu.anjuke.com/fangyuan/1049861965
[200],http://gz.zu.anjuke.com/fangyuan/1050046998
[200],http://gz.zu.anjuke.com/fangyuan/1045993862
[200],http://gz.zu.anjuke.com/fangyuan/1050836375
[200],http://gz.zu.anjuke.com/fangyuan/1050717984
[200],http://gz.zu.anjuke.com/fangyuan/1046251138
[200],http://gz.zu.anjuke.com/fangyuan/1049864294
[200],http://gz.zu.anjuke.com/fangyuan/1045771161
[200],http://gz.zu.anjuke.com/fangyuan/1044387051
[200],http://gz.zu.anjuke.com/fangyuan/1045993131
[200],http://gz.zu.anjuke.com/fangyuan/1050615860
[200],http://gz.zu.anjuke.com/fangyuan/1048047165
[200],http://gz.zu.anjuke.com/fangyuan/1044311008
[200],http://gz.zu.anjuke.com/fangyuan/1049706148
[200],http://gz.zu.anjuke.com/fangyuan/1049504505
[200],http://gz.zu.anjuke.com/fangyuan/1047278645
[200],http://gz.zu.anjuke.com/fangyuan/1047935381
